Datetime,Temperature (K),Demand (MW)
2016-01-01,273.82,78481
2016-01-02,275.43,76569
2016-01-03,275.59,76276
2016-01-04,273.49,84531
2016-01-05,274.68,88997
2016-01-06,277.25,86658
2016-01-07,279.28,82622
2016-01-08,279.75,80782
2016-01-09,277.47,76932
2016-01-10,271.19,79742
2016-01-11,269.47,93204
2016-01-12,268.68,90069
2016-01-13,272.87,92177
2016-01-14,278.6,86163
2016-01-15,277.85,80689
2016-01-16,273.5,79112
2016-01-17,267.52,80336
2016-01-18,266.08,92610
2016-01-19,269.87,94337
2016-01-20,273.05,90500
2016-01-21,274.78,87398
2016-01-22,272.56,87542
2016-01-23,273.98,88007
2016-01-24,276.69,80410
2016-01-25,279.42,81637
2016-01-26,277.41,80678
2016-01-27,276.46,85572
2016-01-28,278.78,85093
2016-01-29,278.47,83884
2016-01-30,283.06,76248
2016-01-31,284.02,69190
2016-02-01,282.83,75097
2016-02-02,282.31,78174
2016-02-03,279.58,79096
2016-02-04,275.33,85262
2016-02-05,276.04,87004
2016-02-06,279.03,79529
2016-02-07,281.01,73412
2016-02-08,275.41,81543
2016-02-09,271.47,87753
2016-02-10,270.77,90011
2016-02-11,273.84,87225
2016-02-12,273.02,83378
2016-02-13,269.8,82750
2016-02-14,273.17,80123
2016-02-15,278.0,80492
2016-02-16,279.03,81822
2016-02-17,278.2,80742
2016-02-18,281.09,81305
2016-02-19,287.33,77824
2016-02-20,288.04,72096
2016-02-21,283.47,67867
2016-02-22,281.43,75146
2016-02-23,282.43,77486
2016-02-24,278.22,79559
2016-02-25,278.03,81370
2016-02-26,278.4,81412
2016-02-27,285.57,76081
2016-02-28,286.61,67450
2016-03-01,278.17,76845
2016-03-02,277.88,81463
2016-03-03,280.17,79010
2016-03-04,280.7,78632
2016-03-05,282.6,74848
2016-03-06,285.67,69956
2016-03-07,290.49,71641
2016-03-08,292.55,73706
2016-03-09,289.05,73721
2016-03-10,286.94,74651
2016-03-11,288.64,74551
2016-03-12,290.33,70343
2016-03-13,288.65,65996
2016-03-14,291.36,72372
2016-03-15,291.53,73214
2016-03-16,287.69,74377
2016-03-17,286.68,73154
2016-03-18,283.99,72425
2016-03-19,281.13,70989
2016-03-20,280.93,67625
2016-03-21,283.54,79117
2016-03-22,288.08,75287
2016-03-23,284.32,71659
2016-03-24,283.82,72876
2016-03-25,283.9,71739
2016-03-26,287.1,66814
2016-03-27,288.6,64634
2016-03-28,287.65,71890
2016-03-29,289.15,72216
2016-03-30,289.83,71826
2016-03-31,290.21,72788
2016-04-01,285.57,72418
2016-04-02,281.19,68639
2016-04-03,289.29,66852
2016-04-04,284.29,71608
2016-04-05,284.59,73561
2016-04-06,286.12,74204
2016-04-07,284.23,72956
2016-04-08,282.07,74284
2016-04-09,281.56,70977
2016-04-10,286.69,67034
2016-04-11,285.96,72821
2016-04-12,286.7,73514
2016-04-13,289.73,72396
2016-04-14,292.37,71130
2016-04-15,294.49,70743
2016-04-16,296.15,68179
2016-04-17,296.87,65125
2016-04-18,296.91,74593
2016-04-19,291.63,73917
2016-04-20,293.59,72362
2016-04-21,292.89,72519
2016-04-22,291.1,71425
2016-04-23,292.94,68341
2016-04-24,294.06,66392
2016-04-25,296.01,77074
2016-04-26,291.47,77128
2016-04-27,290.52,75045
2016-04-28,289.86,74967
2016-04-29,290.25,74449
2016-04-30,289.81,69777
2016-05-01,291.36,66452
2016-05-02,290.76,70931
2016-05-03,292.42,70975
2016-05-04,290.02,70585
2016-05-05,293.15,71423
2016-05-06,297.6,73227
2016-05-07,294.48,71306
2016-05-08,294.48,65910
2016-05-09,293.19,73501
2016-05-10,293.54,77450
2016-05-11,295.88,78792
2016-05-12,294.93,78275
2016-05-13,292.52,76029
2016-05-14,287.81,73040
2016-05-15,289.55,65944
2016-05-16,291.68,71890
2016-05-17,291.55,72926
2016-05-18,293.56,72518
2016-05-19,295.02,74353
2016-05-20,294.75,74129
2016-05-21,296.84,71316
2016-05-22,297.91,72753
2016-05-23,298.5,83634
2016-05-24,300.07,88645
2016-05-25,299.21,90513
2016-05-26,299.19,91269
2016-05-27,298.52,87770
2016-05-28,299.36,81402
2016-05-29,299.72,82020
2016-05-30,300.33,85116
2016-05-31,298.88,92102
2016-06-01,297.96,88682
2016-06-02,297.86,88466
2016-06-03,298.37,86387
2016-06-04,296.79,81750
2016-06-05,298.27,78817
2016-06-06,298.66,90153
2016-06-07,296.21,87085
2016-06-08,297.78,87232
2016-06-09,300.02,93332
2016-06-10,302.72,102465
2016-06-11,303.37,100421
2016-06-12,299.7,98941
2016-06-13,300.65,96756
2016-06-14,300.25,96194
2016-06-15,302.03,104809
2016-06-16,301.17,102457
2016-06-17,302.35,104356
2016-06-18,302.56,100825
2016-06-19,303.38,99637
2016-06-20,302.81,108954
2016-06-21,301.34,105623
2016-06-22,301.79,103776
2016-06-23,301.21,102526
2016-06-24,302.19,103261
2016-06-25,303.87,104203
2016-06-26,303.77,102858
2016-06-27,302.78,107941
2016-06-28,298.96,103603
2016-06-29,299.99,94739
2016-06-30,300.38,95195
2016-07-01,299.51,92568
2016-07-02,299.4,88677
2016-07-03,299.91,80283
2016-07-04,301.37,83123
2016-07-05,303.4,107411
2016-07-06,302.09,105445
2016-07-07,302.51,105331
2016-07-08,302.57,105793
2016-07-09,301.47,100810
2016-07-10,301.95,93077
2016-07-11,303.34,110254
2016-07-12,303.12,110016
2016-07-13,303.19,111021
2016-07-14,301.76,103069
2016-07-15,300.11,98301
2016-07-16,300.98,90528
2016-07-17,302.74,96527
2016-07-18,303.21,107996
2016-07-19,303.67,111389
2016-07-20,305.24,115706
2016-07-21,305.53,117207
2016-07-22,305.54,113612
2016-07-23,305.18,110400
2016-07-24,304.42,104942
2016-07-25,303.9,111365
2016-07-26,303.67,110267
2016-07-27,302.63,106895
2016-07-28,301.24,103212
2016-07-29,301.0,99042
2016-07-30,301.21,93622
2016-07-31,302.48,95701
2016-08-01,303.17,107748
2016-08-02,304.16,111978
2016-08-03,305.05,114128
2016-08-04,305.36,115501
2016-08-05,303.25,111065
2016-08-06,302.41,101541
2016-08-07,302.49,93986
2016-08-08,302.98,105002
2016-08-09,304.38,112833
2016-08-10,305.45,115429
2016-08-11,304.93,113461
2016-08-12,302.94,110426
2016-08-13,301.11,98960
2016-08-14,300.17,87891
2016-08-15,300.2,96153
2016-08-16,300.91,99489
2016-08-17,301.64,103467
2016-08-18,302.2,104815
2016-08-19,300.91,100717
2016-08-20,299.05,95168
2016-08-21,297.99,83129
2016-08-22,300.05,93691
2016-08-23,301.02,98411
2016-08-24,302.02,104437
2016-08-25,301.12,102580
2016-08-26,300.19,97987
2016-08-27,300.11,91379
2016-08-28,301.96,97474
2016-08-29,301.61,108103
2016-08-30,301.33,105766
2016-08-31,300.57,101304
2016-09-01,299.04,96223
2016-09-02,299.03,88915
2016-09-03,299.64,84092
2016-09-04,300.47,83016
2016-09-05,302.79,94572
2016-09-06,303.3,110784
2016-09-07,302.79,107123
2016-09-08,301.3,103215
2016-09-09,300.48,96760
2016-09-10,297.56,91663
2016-09-11,298.65,79063
2016-09-12,299.7,90969
2016-09-13,299.22,92083
2016-09-14,298.79,92033
2016-09-15,299.84,92493
2016-09-16,299.3,89112
2016-09-17,299.16,83977
2016-09-18,300.31,85166
2016-09-19,301.56,98496
2016-09-20,301.82,100032
2016-09-21,300.79,97545
2016-09-22,301.58,98120
2016-09-23,300.04,94768
2016-09-24,299.95,89019
2016-09-25,299.24,84552
2016-09-26,295.01,83109
2016-09-27,294.89,79276
2016-09-28,293.74,78783
2016-09-29,294.7,78097
2016-09-30,294.54,76041
2016-10-01,294.59,72575
2016-10-02,295.99,70401
2016-10-03,296.83,79018
2016-10-04,298.18,82380
2016-10-05,298.49,85820
2016-10-06,297.67,87956
2016-10-07,294.14,86266
2016-10-08,292.22,78090
2016-10-09,293.07,69363
2016-10-10,295.19,76405
2016-10-11,296.46,78452
2016-10-12,293.31,79002
2016-10-13,290.78,78670
2016-10-14,293.66,76872
2016-10-15,296.86,73569
2016-10-16,297.39,75992
2016-10-17,299.74,88539
2016-10-18,297.95,87555
2016-10-19,295.51,84911
2016-10-20,289.83,81261
2016-10-21,288.28,76715
2016-10-22,291.01,70712
2016-10-23,293.63,66739
2016-10-24,290.43,72565
2016-10-25,289.65,75483
2016-10-26,288.63,75991
2016-10-27,289.45,76983
2016-10-28,294.15,76734
2016-10-29,294.93,73874
2016-10-30,291.42,71164
2016-10-31,292.16,76597
2016-11-01,296.44,77735
2016-11-02,294.26,79029
2016-11-03,293.35,79781
2016-11-04,292.54,77587
2016-11-05,293.06,73436
2016-11-06,293.38,67735
2016-11-07,292.14,72609
2016-11-08,289.84,75600
2016-11-09,288.77,75352
2016-11-10,290.75,75142
2016-11-11,286.77,74386
2016-11-12,286.91,71790
2016-11-13,288.08,68691
2016-11-14,289.56,73476
2016-11-15,290.15,74981
2016-11-16,291.1,75056
2016-11-17,292.82,75440
2016-11-18,290.32,75754
2016-11-19,283.12,74650
2016-11-20,278.87,72863
2016-11-21,281.4,80641
2016-11-22,281.92,79651
2016-11-23,282.26,78710
2016-11-24,282.65,76379
2016-11-25,282.8,66943
2016-11-26,283.01,69239
2016-11-27,282.7,69621
2016-11-28,285.9,77108
2016-11-29,287.39,79428
2016-11-30,282.5,79217
2016-12-01,281.22,79878
2016-12-02,280.53,80810
2016-12-03,279.0,78485
2016-12-04,278.24,76772
2016-12-05,279.49,79327
2016-12-06,278.31,83335
2016-12-07,276.02,84172
2016-12-08,272.84,87215
2016-12-09,272.16,91606
2016-12-10,272.5,88615
2016-12-11,276.53,83359
2016-12-12,275.28,82731
2016-12-13,273.62,87448
2016-12-14,271.12,89595
2016-12-15,267.9,92865
2016-12-16,272.13,93988
2016-12-17,275.0,88954
2016-12-18,270.89,86767
2016-12-19,268.78,98417
2016-12-20,275.82,97217
2016-12-21,278.23,88768
2016-12-22,279.0,84207
2016-12-23,278.83,82513
2016-12-24,280.45,78600
2016-12-25,281.09,70512
2016-12-26,283.7,70469
2016-12-27,278.3,76657
2016-12-28,281.31,80938
2016-12-29,278.3,79626
2016-12-30,276.2,80454
2016-12-31,278.14,78461
2017-01-01,279.33,74178
2017-01-02,281.29,73156
2017-01-03,278.82,79220
2017-01-04,272.97,86241
2017-01-05,267.5,90521
2017-01-06,264.44,94783
2017-01-07,266.28,97689
2017-01-08,268.01,91671
2017-01-09,274.52,92080
2017-01-10,280.27,87803
2017-01-11,279.72,82802
2017-01-12,276.7,81367
2017-01-13,272.99,84831
2017-01-14,276.64,83638
2017-01-15,277.7,77377
2017-01-16,280.01,78665
2017-01-17,279.55,80925
2017-01-18,280.75,81116
2017-01-19,279.96,80924
2017-01-20,282.63,78386
2017-01-21,285.89,75073
2017-01-22,282.91,69732
2017-01-23,280.74,76762
2017-01-24,281.35,79348
2017-01-25,280.83,78874
2017-01-26,277.18,80644
2017-01-27,274.97,85092
2017-01-28,276.2,82885
2017-01-29,275.47,76473
2017-01-30,278.34,85539
2017-01-31,280.27,81325
2017-02-01,278.31,79328
2017-02-02,273.48,81841
2017-02-03,273.33,84738
2017-02-04,276.11,82046
2017-02-05,279.38,76740
2017-02-06,282.64,77298
2017-02-07,283.14,78303
2017-02-08,278.24,79732
2017-02-09,272.65,84481
2017-02-10,282.69,84411
2017-02-11,286.19,74631
2017-02-12,283.79,69969
2017-02-13,282.64,76984
2017-02-14,282.98,77930
2017-02-15,277.96,78165
2017-02-16,281.6,82092
2017-02-17,287.22,76977
2017-02-18,289.36,71729
2017-02-19,290.55,66768
2017-02-20,289.3,72360
2017-02-21,289.99,75219
2017-02-22,291.77,73352
2017-02-23,287.19,73776
2017-02-24,285.24,75206
2017-02-25,280.33,74078
2017-02-26,280.9,73068
2017-02-27,285.4,74747
2017-02-28,288.5,76161
2017-03-01,285.62,76372
2017-03-02,277.77,78582
2017-03-03,277.67,80973
2017-03-04,282.4,75935
2017-03-05,286.28,69400
2017-03-06,290.29,73870
2017-03-07,288.11,75780
2017-03-08,284.02,75856
2017-03-09,284.29,74263
2017-03-10,279.07,76507
2017-03-11,275.8,77412
2017-03-12,276.46,74689
2017-03-13,275.8,81109
2017-03-14,274.91,84438
2017-03-15,277.31,86266
2017-03-16,281.8,83787
2017-03-17,284.27,76580
2017-03-18,284.52,71847
2017-03-19,287.72,69020
2017-03-20,290.26,73777
2017-03-21,286.34,75119
2017-03-22,282.81,76703
2017-03-23,285.99,77433
2017-03-24,291.95,76288
2017-03-25,287.19,70980
2017-03-26,288.68,66798
2017-03-27,289.7,73947
2017-03-28,289.58,74288
2017-03-29,288.27,74905
2017-03-30,286.0,75592
2017-03-31,285.65,73408
2017-04-01,290.1,71594
2017-04-02,290.62,66345
2017-04-03,289.51,72905
2017-04-04,289.79,73145
2017-04-05,286.94,74328
2017-04-06,285.37,73782
2017-04-07,288.34,73958
2017-04-08,293.11,69148
2017-04-09,295.56,66029
2017-04-10,292.27,74102
2017-04-11,288.54,74196
2017-04-12,291.33,72725
2017-04-13,292.53,74521
2017-04-14,294.03,73452
2017-04-15,297.32,69035
2017-04-16,294.52,68911
2017-04-17,292.54,73338
2017-04-18,294.35,75040
2017-04-19,293.61,78701
2017-04-20,293.16,78647
2017-04-21,289.91,75861
2017-04-22,290.96,70977
2017-04-23,292.24,65999
2017-04-24,294.24,72312
2017-04-25,294.87,74920
2017-04-26,293.16,77289
2017-04-27,288.77,76166
2017-04-28,291.19,74563
2017-04-29,289.33,72548
2017-04-30,289.06,69969
2017-05-01,288.28,73245
2017-05-02,290.4,73892
2017-05-03,289.9,73658
2017-05-04,288.47,72139
2017-05-05,291.02,71858
2017-05-06,291.91,67878
2017-05-07,292.37,66995
2017-05-08,293.72,76458
2017-05-09,294.83,79410
2017-05-10,295.86,80746
2017-05-11,294.2,79050
2017-05-12,295.12,75316
2017-05-13,297.33,71630
2017-05-14,297.65,72980
2017-05-15,298.76,86444
2017-05-16,300.48,90488
2017-05-17,298.98,88560
2017-05-18,297.44,90407
2017-05-19,292.87,86961
2017-05-20,293.13,77685
2017-05-21,293.42,71490
2017-05-22,294.42,73775
2017-05-23,293.31,76314
2017-05-24,291.9,74433
2017-05-25,295.22,76364
2017-05-26,297.66,80150
2017-05-27,298.7,77691
2017-05-28,297.68,75161
2017-05-29,296.11,73789
2017-05-30,295.51,80631
2017-05-31,296.76,83809
2017-06-01,298.16,83343
2017-06-02,300.72,90368
2017-06-03,300.6,87773
2017-06-04,299.99,86792
2017-06-05,298.34,91009
2017-06-06,297.54,88702
2017-06-07,298.59,88062
2017-06-08,299.01,90525
2017-06-09,300.18,93422
2017-06-10,301.75,94432
2017-06-11,302.27,96355
2017-06-12,302.79,108897
2017-06-13,301.79,108573
2017-06-14,301.66,107350
2017-06-15,302.15,107075
2017-06-16,301.95,105338
2017-06-17,301.27,100321
2017-06-18,298.68,91806
2017-06-19,298.71,93193
2017-06-20,299.39,91090
2017-06-21,300.31,94558
2017-06-22,300.41,97876
2017-06-23,298.7,96706
2017-06-24,296.62,86995
2017-06-25,296.22,76419
2017-06-26,296.02,83786
2017-06-27,297.54,86239
2017-06-28,299.47,90708
2017-06-29,300.57,96147
2017-06-30,300.63,97160
2017-07-01,300.47,91927
2017-07-02,301.58,91733
2017-07-03,301.55,97954
2017-07-04,301.91,95230
2017-07-05,302.25,105634
2017-07-06,303.53,110337
2017-07-07,302.31,107904
2017-07-08,300.8,99516
2017-07-09,302.42,95387
2017-07-10,302.45,104294
2017-07-11,303.37,107404
2017-07-12,303.24,108988
2017-07-13,301.53,105854
2017-07-14,300.66,99769
2017-07-15,302.35,95679
2017-07-16,301.78,96680
2017-07-17,302.4,107113
2017-07-18,303.72,112025
2017-07-19,304.59,115198
2017-07-20,305.31,118272
2017-07-21,304.3,115694
2017-07-22,304.46,108346
2017-07-23,302.47,101999
2017-07-24,300.63,100167
2017-07-25,302.39,104725
2017-07-26,303.2,109480
2017-07-27,302.89,108651
2017-07-28,301.68,105199
2017-07-29,301.44,98866
2017-07-30,302.5,95639
2017-07-31,303.13,107568
2017-08-01,303.07,106829
2017-08-02,301.95,102970
2017-08-03,300.13,98716
2017-08-04,297.91,93537
2017-08-05,299.82,82161
2017-08-06,298.89,78809
2017-08-07,299.45,90816
2017-08-08,300.87,96145
2017-08-09,300.94,95859
2017-08-10,301.85,99298
2017-08-11,300.73,96209
2017-08-12,300.38,90795
2017-08-13,300.38,85903
2017-08-14,301.18,97240
2017-08-15,302.11,101230
2017-08-16,302.1,103359
2017-08-17,301.54,102419
2017-08-18,301.72,99764
2017-08-19,303.08,98484
2017-08-20,303.78,100171
2017-08-21,302.81,105711
2017-08-22,300.44,102421
2017-08-23,299.57,93633
2017-08-24,298.86,89719
2017-08-25,298.28,85929
2017-08-26,298.83,81778
2017-08-27,299.14,79991
2017-08-28,298.25,85476
2017-08-29,299.02,88251
2017-08-30,300.39,91714
2017-08-31,298.13,88750
2017-09-01,296.83,82671
2017-09-02,299.13,76973
2017-09-03,301.64,82375
2017-09-04,301.02,87167
2017-09-05,296.03,84691
2017-09-06,293.97,79311
2017-09-07,295.28,76649
2017-09-08,296.94,78968
2017-09-09,297.82,75782
2017-09-10,298.05,75182
2017-09-11,298.4,82445
2017-09-12,298.9,82364
2017-09-13,299.63,85781
2017-09-14,301.69,93279
2017-09-15,302.47,96391
2017-09-16,302.35,91442
2017-09-17,300.24,87213
2017-09-18,299.06,91208
2017-09-19,300.47,94400
2017-09-20,302.79,102771
2017-09-21,303.45,106429
2017-09-22,304.86,112304
2017-09-23,304.78,104407
2017-09-24,304.31,101789
2017-09-25,302.46,104721
2017-09-26,301.81,102286
2017-09-27,298.04,96973
2017-09-28,297.76,85191
2017-09-29,296.67,81487
2017-09-30,296.22,76896
2017-10-01,296.4,72806
2017-10-02,299.29,82992
2017-10-03,299.73,86059
2017-10-04,296.85,85920
2017-10-05,297.2,83213
2017-10-06,296.54,82429
2017-10-07,298.67,79700
2017-10-08,298.8,77372
2017-10-09,297.88,86561
2017-10-10,293.71,85115
2017-10-11,292.15,80628
2017-10-12,294.0,77522
2017-10-13,296.45,79515
2017-10-14,296.2,78483
2017-10-15,292.22,77539
2017-10-16,291.25,71867
2017-10-17,294.33,74226
2017-10-18,295.06,74311
2017-10-19,295.97,75564
2017-10-20,296.96,76273
2017-10-21,297.13,73675
2017-10-22,292.84,72409
2017-10-23,290.38,73197
2017-10-24,285.88,74663
2017-10-25,287.96,75482
2017-10-26,289.88,74979
2017-10-27,284.07,75213
2017-10-28,281.04,75070
2017-10-29,283.87,71725
2017-10-30,284.19,77788
2017-10-31,282.02,78746
2017-11-01,283.58,77022
2017-11-02,289.61,78622
2017-11-03,286.99,78822
2017-11-04,288.14,76145
2017-11-05,289.63,72126
2017-11-06,284.66,79638
2017-11-07,284.54,82289
2017-11-08,282.91,81759
2017-11-09,280.62,79677
2017-11-10,277.4,81249
2017-11-11,281.47,80401
2017-11-12,282.27,73188
2017-11-13,283.48,77131
2017-11-14,284.57,80139
2017-11-15,284.15,78343
2017-11-16,282.2,79053
2017-11-17,284.3,81036
2017-11-18,283.9,77675
2017-11-19,279.27,74721
2017-11-20,283.72,81085
2017-11-21,280.69,79905
2017-11-22,278.14,80291
2017-11-23,282.17,79879
2017-11-24,287.5,67972
2017-11-25,285.0,67921
2017-11-26,284.77,69455
2017-11-27,287.12,78432
2017-11-28,288.78,77916
2017-11-29,284.89,76908
2017-11-30,285.87,79052
2017-12-01,285.12,77847
2017-12-02,286.26,75781
2017-12-03,286.89,70798
2017-12-04,289.02,75878
2017-12-05,285.89,80324
2017-12-06,275.83,84261
2017-12-07,272.78,87193
2017-12-08,274.47,90393
2017-12-09,274.76,88367
2017-12-10,277.82,81925
2017-12-11,280.01,85799
2017-12-12,275.19,84959
2017-12-13,276.83,88301
2017-12-14,274.61,86076
2017-12-15,275.6,86362
2017-12-16,279.13,85332
2017-12-17,279.16,76754
2017-12-18,281.33,77933
2017-12-19,282.86,81867
2017-12-20,278.74,80877
2017-12-21,279.98,82730
2017-12-22,279.93,81185
2017-12-23,276.56,79618
2017-12-24,273.01,77049
2017-12-25,269.28,76324
2017-12-26,265.88,85620
2017-12-27,265.16,91931
2017-12-28,267.65,96341
2017-12-29,268.64,93632
2017-12-30,266.49,87498
2017-12-31,264.55,87896
2018-01-01,262.57,92985
2018-01-02,265.73,103662
2018-01-03,267.11,104287
2018-01-04,265.95,101212
2018-01-05,266.33,99302
2018-01-06,268.41,95447
2018-01-07,274.55,92134
2018-01-08,278.07,84765
2018-01-09,278.08,85301
2018-01-10,281.37,84498
2018-01-11,281.58,80436
2018-01-12,275.3,91995
2018-01-13,267.13,94859
2018-01-14,269.24,90244
2018-01-15,269.99,94299
2018-01-16,266.58,98653
2018-01-17,269.96,103983
2018-01-18,274.86,98957
2018-01-19,278.74,91074
2018-01-20,281.14,81832
2018-01-21,282.19,72693
2018-01-22,282.0,76171
2018-01-23,277.8,82989
2018-01-24,275.75,87095
2018-01-25,279.88,88561
2018-01-26,283.87,82508
2018-01-27,281.78,75573
2018-01-28,279.46,72614
2018-01-29,273.8,85435
2018-01-30,274.77,91572
2018-01-31,279.92,87468
2018-02-01,275.28,81894
2018-02-02,270.0,90755
2018-02-03,274.9,86787
2018-02-04,272.88,80736
2018-02-05,270.81,90893
2018-02-06,272.02,88327
2018-02-07,271.19,87668
2018-02-08,273.11,92156
2018-02-09,275.67,85306
2018-02-10,273.5,80617
2018-02-11,272.23,79531
2018-02-12,271.94,89653
2018-02-13,277.43,88848
2018-02-14,283.43,82709
2018-02-15,284.86,77874
2018-02-16,280.59,78350
2018-02-17,279.18,79957
2018-02-18,282.36,75532
2018-02-19,284.02,77075
2018-02-20,285.57,79577
2018-02-21,280.82,79917
2018-02-22,280.67,83872
2018-02-23,282.54,81661
2018-02-24,281.92,76622
2018-02-25,281.71,73794
2018-02-26,284.59,77849
2018-02-27,287.48,76311
2018-02-28,287.38,74992
2018-03-01,282.7,76438
2018-03-02,282.59,77145
2018-03-03,283.76,73105
2018-03-04,284.2,68610
2018-03-05,282.0,77301
2018-03-06,280.54,79691
2018-03-07,276.71,79723
2018-03-08,277.16,82533
2018-03-09,280.07,81423
2018-03-10,282.34,74184
2018-03-11,280.95,70490
2018-03-12,280.4,79567
2018-03-13,278.86,82320
2018-03-14,282.72,82955
2018-03-15,283.75,79513
2018-03-16,282.52,76935
2018-03-17,284.68,73357
2018-03-18,286.42,69161
2018-03-19,285.03,75102
2018-03-20,279.36,77227
2018-03-21,281.71,79156
2018-03-22,284.23,79694
2018-03-23,283.57,76408
2018-03-24,282.02,72673
2018-03-25,283.35,71823
2018-03-26,285.68,76325
2018-03-27,287.08,76732
2018-03-28,287.45,74858
2018-03-29,284.8,73654
2018-03-30,283.72,72694
2018-03-31,284.23,67339
2018-04-01,280.76,68496
2018-04-02,282.43,77224
2018-04-03,284.96,77675
2018-04-04,280.65,78174
2018-04-05,282.7,79080
2018-04-06,279.76,75783
2018-04-07,278.14,76219
2018-04-08,278.97,71611
2018-04-09,281.53,77491
2018-04-10,283.58,76567
2018-04-11,288.96,75220
2018-04-12,291.89,72078
2018-04-13,289.16,73916
2018-04-14,285.39,72768
2018-04-15,278.73,68581
2018-04-16,280.23,78978
2018-04-17,283.97,76984
2018-04-18,285.03,74231
2018-04-19,286.15,75559
2018-04-20,288.25,74641
2018-04-21,289.41,67970
2018-04-22,290.67,65372
2018-04-23,292.15,71312
2018-04-24,292.2,71943
2018-04-25,290.66,72237
2018-04-26,291.56,72775
2018-04-27,290.96,70573
2018-04-28,289.14,67838
2018-04-29,291.73,65828
2018-04-30,296.49,73658
2018-05-01,297.47,76885
2018-05-02,297.79,82738
2018-05-03,296.07,81781
2018-05-04,295.75,77307
2018-05-05,297.92,73255
2018-05-06,296.91,72361
2018-05-07,298.3,81813
2018-05-08,298.82,84188
2018-05-09,297.57,83858
2018-05-10,296.2,84148
2018-05-11,293.04,82670
2018-05-12,294.32,79983
2018-05-13,297.97,78212
2018-05-14,299.77,92565
2018-05-15,298.61,89840
2018-05-16,300.49,91482
2018-05-17,299.05,90136
2018-05-18,297.88,86754
2018-05-19,298.01,80307
2018-05-20,296.01,78087
2018-05-21,296.27,83980
2018-05-22,298.64,88773
2018-05-23,300.22,92753
2018-05-24,301.46,97521
2018-05-25,301.76,96920
2018-05-26,302.6,93516
2018-05-27,304.57,97726
2018-05-28,304.81,103818
2018-05-29,302.27,108908
2018-05-30,301.24,104578
2018-05-31,302.92,106621
2018-06-01,301.66,104138
2018-06-02,299.69,99220
2018-06-03,298.46,85834
2018-06-04,299.6,90514
2018-06-05,299.16,90688
2018-06-06,300.46,94755
2018-06-07,301.96,102863
2018-06-08,301.19,99730
2018-06-09,300.43,94925
2018-06-10,299.78,85621
2018-06-11,299.79,93852
2018-06-12,300.85,98232
2018-06-13,300.79,100251
2018-06-14,301.45,99842
2018-06-15,302.97,105030
2018-06-16,303.62,103216
2018-06-17,304.4,107874
2018-06-18,302.52,110731
2018-06-19,299.67,106329
2018-06-20,299.53,98120
2018-06-21,298.59,94921
2018-06-22,298.74,90462
2018-06-23,300.64,88750
2018-06-24,300.59,91609
2018-06-25,300.25,98333
2018-06-26,300.28,96677
2018-06-27,302.19,104386
2018-06-28,303.89,113744
2018-06-29,305.26,119733
2018-06-30,304.99,115691
2018-07-01,303.48,108587
2018-07-02,303.46,109771
2018-07-03,303.69,107808
2018-07-04,303.92,104526
2018-07-05,303.28,110636
2018-07-06,300.45,105458
2018-07-07,300.81,94174
2018-07-08,302.38,96780
2018-07-09,303.69,111063
2018-07-10,303.71,112105
2018-07-11,303.81,109764
2018-07-12,304.02,111497
2018-07-13,304.54,112407
2018-07-14,303.81,108907
2018-07-15,304.18,106510
2018-07-16,303.69,111893
2018-07-17,302.32,108150
2018-07-18,301.95,101308
2018-07-19,302.13,103162
2018-07-20,302.37,102178
2018-07-21,301.9,98467
2018-07-22,301.74,90168
2018-07-23,302.74,101739
2018-07-24,303.27,106053
2018-07-25,303.35,107326
2018-07-26,301.65,103800
2018-07-27,301.08,95173
2018-07-28,301.54,91309
2018-07-29,301.61,85437
2018-07-30,301.46,93557
2018-07-31,300.24,91980
2018-08-01,301.51,97360
2018-08-02,302.24,100019
2018-08-03,303.91,103923
2018-08-04,303.86,100551
2018-08-05,304.92,104271
2018-08-06,303.79,107444
2018-08-07,302.13,103789
2018-08-08,303.65,106536
2018-08-09,304.07,106925
2018-08-10,303.52,104931
2018-08-11,303.87,99317
2018-08-12,304.06,100658
2018-08-13,304.86,110423
2018-08-14,303.95,108937
2018-08-15,303.0,105494
2018-08-16,302.69,106203
2018-08-17,302.43,103159
2018-08-18,303.01,96197
2018-08-19,302.35,94881
2018-08-20,301.04,97693
2018-08-21,300.39,94837
2018-08-22,300.55,92795
2018-08-23,301.38,93238
2018-08-24,299.59,90025
2018-08-25,303.45,94734
2018-08-26,303.89,102608
2018-08-27,304.15,111593
2018-08-28,302.98,107972
2018-08-29,298.91,102099
2018-08-30,300.0,92378
2018-08-31,302.25,97155
2018-09-01,302.05,92934
2018-09-02,301.98,93302
2018-09-03,301.93,94367
2018-09-04,303.23,109750
2018-09-05,301.81,105926
2018-09-06,299.32,101163
2018-09-07,297.57,88419
2018-09-08,296.54,81775
2018-09-09,295.87,74204
2018-09-10,297.24,81666
2018-09-11,298.85,85759
2018-09-12,299.83,90323
2018-09-13,300.75,94848
2018-09-14,302.3,102426
2018-09-15,303.5,101342
2018-09-16,303.76,102125
2018-09-17,303.2,108602
2018-09-18,301.4,103657
2018-09-19,300.77,98990
2018-09-20,301.49,102043
2018-09-21,297.87,98690
2018-09-22,294.05,81966
2018-09-23,296.98,74219
2018-09-24,297.8,83123
2018-09-25,298.04,87182
2018-09-26,294.14,85536
2018-09-27,293.0,76901
2018-09-28,292.26,75505
2018-09-29,291.16,72933
2018-09-30,293.28,73358
2018-10-01,294.49,82590
2018-10-02,296.4,86441
2018-10-03,301.07,92548
2018-10-04,296.17,90408
2018-10-05,295.05,84518
2018-10-06,295.39,81760
2018-10-07,294.29,78707
2018-10-08,298.28,89985
2018-10-09,297.45,90617
2018-10-10,294.48,88441
2018-10-11,289.43,81650
2018-10-12,285.03,74250
2018-10-13,288.54,72559
2018-10-14,289.08,71369
2018-10-15,284.81,75945
2018-10-16,287.81,77146
2018-10-17,286.6,75311
2018-10-18,289.89,74214
2018-10-19,290.09,73527
2018-10-20,286.35,73105
2018-10-21,286.23,68093
2018-10-22,290.07,73606
2018-10-23,287.12,72857
2018-10-24,287.02,73606
2018-10-25,286.72,73308
2018-10-26,286.1,73483
2018-10-27,288.02,70773
2018-10-28,288.17,67649
2018-10-29,289.42,73101
2018-10-30,291.01,74964
2018-10-31,289.34,74782
2018-11-01,285.07,72768
2018-11-02,284.34,74708
2018-11-03,285.48,71069
2018-11-04,285.06,67318
2018-11-05,286.24,74213
2018-11-06,286.07,76297
2018-11-07,283.02,76788
2018-11-08,280.98,78533
2018-11-09,277.34,78735
2018-11-10,275.6,79715
2018-11-11,278.96,77276
2018-11-12,276.54,79315
2018-11-13,273.2,84374
2018-11-14,276.06,88417
2018-11-15,278.28,87707
2018-11-16,279.98,83486
2018-11-17,278.98,77543
2018-11-18,278.51,73242
2018-11-19,277.43,78841
2018-11-20,277.26,81324
2018-11-21,278.13,82055
2018-11-22,280.47,78360
2018-11-23,282.43,68185
2018-11-24,284.05,70089
2018-11-25,281.28,70333
2018-11-26,277.25,83194
2018-11-27,273.83,88119
2018-11-28,275.77,87767
2018-11-29,279.56,85020
2018-11-30,281.92,80310
2018-12-01,282.58,77679
2018-12-02,281.65,73618
2018-12-03,277.32,79869
2018-12-04,275.52,83150
2018-12-05,276.27,85557
2018-12-06,274.86,85340
2018-12-07,275.07,85597
2018-12-08,274.29,83711
2018-12-09,275.2,81988
2018-12-10,275.88,89372
2018-12-11,277.82,90347
2018-12-12,279.25,84712
2018-12-13,280.32,82339
2018-12-14,279.45,80419
2018-12-15,279.99,79895
2018-12-16,281.73,75554
2018-12-17,280.07,82350
2018-12-18,280.58,83455
2018-12-19,281.67,80824
2018-12-20,279.8,80351
2018-12-21,277.0,82118
2018-12-22,279.04,81180
2018-12-23,278.48,74006
2018-12-24,277.51,73713
2018-12-25,280.24,69693
2018-12-26,280.02,73320
2018-12-27,281.9,76073
2018-12-28,280.94,75839
2018-12-29,272.95,78424
2018-12-30,277.13,78457
2018-12-31,278.74,75009
2019-01-01,275.85,74304
2019-01-02,274.9,81731
2019-01-03,278.02,84464
2019-01-04,279.57,81557
2019-01-05,282.14,78404
2019-01-06,280.29,71218
2019-01-07,283.85,75774
2019-01-08,281.28,76600
2019-01-09,275.6,82299
2019-01-10,273.67,88322
2019-01-11,275.68,85868
2019-01-12,276.38,81026
2019-01-13,275.33,76489
2019-01-14,275.16,85367
2019-01-15,275.37,86851
2019-01-16,274.74,86093
2019-01-17,277.23,83158
2019-01-18,274.2,81135
2019-01-19,272.56,80446
2019-01-20,266.62,84223
2019-01-21,269.76,91894
2019-01-22,275.5,90610
2019-01-23,274.33,83334
2019-01-24,270.78,91475
2019-01-25,267.45,94707
2019-01-26,270.76,87330
2019-01-27,268.99,80165
2019-01-28,272.79,86024
2019-01-29,268.71,93042
2019-01-30,259.71,97484
2019-01-31,264.42,97310
2019-02-01,272.79,92430
2019-02-02,279.64,81750
2019-02-03,283.3,72263
2019-02-04,281.81,74712
2019-02-05,277.62,79168
2019-02-06,279.26,82051
2019-02-07,278.25,81021
2019-02-08,271.41,90136
2019-02-09,270.27,89953
2019-02-10,274.45,81640
2019-02-11,277.53,80293
2019-02-12,275.74,82212
2019-02-13,274.91,86975
2019-02-14,279.17,81597
2019-02-15,275.88,81482
2019-02-16,275.5,82800
2019-02-17,275.41,77698
2019-02-18,273.57,83629
2019-02-19,274.1,86679
2019-02-20,277.73,85359
2019-02-21,277.2,81018
2019-02-22,279.0,81304
2019-02-23,281.6,77981
2019-02-24,279.57,72211
2019-02-25,271.6,85630
2019-02-26,274.19,83966
2019-02-27,275.88,80875
2019-02-28,274.28,81517
2019-03-01,277.21,82763
2019-03-02,276.12,77465
2019-03-03,272.75,75740
2019-03-04,265.75,91957
2019-03-05,268.81,93824
2019-03-06,273.16,91961
2019-03-07,275.37,85251
2019-03-08,280.71,82401
2019-03-09,281.72,75583
2019-03-10,280.61,71983
2019-03-11,281.06,78150
2019-03-12,282.37,78017
2019-03-13,286.5,75277
2019-03-14,287.33,74048
2019-03-15,281.93,75917
2019-03-16,279.82,73127
2019-03-17,280.74,68913
2019-03-18,281.8,79805
2019-03-19,284.32,79384
2019-03-20,283.63,77077
2019-03-21,285.22,76341
2019-03-22,285.03,76363
2019-03-23,286.67,69244
2019-03-24,287.14,65254
2019-03-25,284.59,73147
2019-03-26,284.9,75567
2019-03-27,288.8,75742
2019-03-28,288.98,71939
2019-03-29,287.43,70515
2019-03-30,282.92,67976
2019-03-31,278.18,69730
2019-04-01,282.33,79790
2019-04-02,285.68,78040
2019-04-03,286.68,74609
2019-04-04,285.32,72606
2019-04-05,289.38,72203
2019-04-06,292.05,68309
2019-04-07,293.27,64822
2019-04-08,293.99,70784
2019-04-09,291.2,71363
2019-04-10,286.37,74343
2019-04-11,287.32,74342
2019-04-12,285.91,73513
2019-04-13,286.48,69209
2019-04-14,282.05,65747
2019-04-15,288.07,74291
2019-04-16,293.69,70774
2019-04-17,291.29,71950
2019-04-18,288.84,72335
2019-04-19,286.51,69125
2019-04-20,290.2,66074
2019-04-21,295.08,63688
2019-04-22,294.23,72648
2019-04-23,291.57,72626
2019-04-24,292.86,71079
2019-04-25,292.9,71326
2019-04-26,290.72,70811
2019-04-27,286.84,67492
2019-04-28,288.75,65883
2019-04-29,290.12,74266
2019-04-30,289.2,75678
2019-05-01,291.78,75224
2019-05-02,291.19,74375
2019-05-03,291.26,72993
2019-05-04,292.51,69269
2019-05-05,294.62,66733
2019-05-06,293.77,74873
2019-05-07,292.28,74795
2019-05-08,291.18,74825
2019-05-09,292.07,74642
2019-05-10,289.85,72368
2019-05-11,289.15,67245
2019-05-12,289.45,64133
2019-05-13,291.68,72054
2019-05-14,294.88,73317
2019-05-15,296.89,77408
2019-05-16,298.13,83451
2019-05-17,294.37,81753
2019-05-18,295.8,78725
2019-05-19,293.59,74305
2019-05-20,292.08,77474
2019-05-21,292.29,77214
2019-05-22,297.13,82144
2019-05-23,296.81,85119
2019-05-24,297.41,85559
2019-05-25,298.77,83415
2019-05-26,297.97,81141
2019-05-27,296.61,80066
2019-05-28,297.27,88391
2019-05-29,297.9,86287
2019-05-30,298.43,85085
2019-05-31,300.11,89398
2019-06-01,298.25,86121
2019-06-02,297.44,80475
2019-06-03,297.68,85224
2019-06-04,299.61,90886
2019-06-05,299.47,90920
2019-06-06,299.99,91847
2019-06-07,300.58,93105
2019-06-08,299.92,89973
2019-06-09,298.45,82611
2019-06-10,296.78,85001
2019-06-11,296.97,83505
2019-06-12,295.57,81586
2019-06-13,294.63,78771
2019-06-14,297.79,80635
2019-06-15,297.81,78398
2019-06-16,297.37,77435
2019-06-17,297.08,83530
2019-06-18,299.38,90963
2019-06-19,298.28,90772
2019-06-20,297.24,88353
2019-06-21,298.11,87424
2019-06-22,299.17,83872
2019-06-23,299.04,83140
2019-06-24,298.08,87254
2019-06-25,300.15,94225
2019-06-26,301.64,100579
2019-06-27,301.97,103771
2019-06-28,302.18,101968
2019-06-29,302.77,100722
2019-06-30,302.18,99138
2019-07-01,302.52,107573
2019-07-02,302.33,107887
2019-07-03,301.68,105378
2019-07-04,302.34,99663
2019-07-05,303.42,103950
2019-07-06,301.96,99415
2019-07-07,301.7,96084
2019-07-08,301.81,105391
2019-07-09,302.59,108240
2019-07-10,303.03,110174
2019-07-11,301.51,106800
2019-07-12,301.94,103013
2019-07-13,302.62,100890
2019-07-14,302.14,96905
2019-07-15,301.98,104604
2019-07-16,301.78,105208
2019-07-17,303.62,112398
2019-07-18,303.6,113324
2019-07-19,304.55,116600
2019-07-20,303.2,112761
2019-07-21,301.18,95732
2019-07-22,299.07,92237
2019-07-23,299.6,92840
2019-07-24,300.44,97228
2019-07-25,301.13,100208
2019-07-26,301.99,102469
2019-07-27,302.66,99387
2019-07-28,302.4,98440
2019-07-29,301.19,100737
2019-07-30,300.54,96803
2019-07-31,300.67,97668
2019-08-01,301.55,99976
2019-08-02,302.16,101003
2019-08-03,302.45,97538
2019-08-04,303.1,98669
2019-08-05,303.32,109429
2019-08-06,302.69,105938
2019-08-07,303.1,107677
2019-08-08,301.7,105270
2019-08-09,301.62,100258
2019-08-10,301.69,96613
2019-08-11,302.26,94674
2019-08-12,303.52,107049
2019-08-13,302.93,106710
2019-08-14,301.74,102151
2019-08-15,301.11,98204
2019-08-16,302.07,99881
2019-08-17,302.68,96494
2019-08-18,301.81,94001
2019-08-19,303.42,106260
2019-08-20,302.83,104251
2019-08-21,301.75,101700
2019-08-22,299.71,97920
2019-08-23,298.97,90836
2019-08-24,299.1,84955
2019-08-25,298.89,78582
2019-08-26,299.16,89152
2019-08-27,300.11,94222
2019-08-28,298.93,91943
2019-08-29,301.41,95448
2019-08-30,299.25,92654
2019-08-31,298.87,84735
2019-09-01,300.19,79967
2019-09-02,301.49,89077
2019-09-03,301.86,99120
2019-09-04,299.73,96685
2019-09-05,300.93,93423
2019-09-06,301.08,93008
2019-09-07,299.74,89502
2019-09-08,298.11,82746
2019-09-09,299.84,94468
2019-09-10,302.45,101146
2019-09-11,301.92,102978
2019-09-12,300.55,99107
2019-09-13,299.94,95471
2019-09-14,300.72,88475
2019-09-15,302.42,89929
2019-09-16,302.79,101007
2019-09-17,301.87,100287
2019-09-18,301.69,99015
2019-09-19,301.79,96816
2019-09-20,301.83,98178
2019-09-21,301.5,92557
2019-09-22,299.84,85729
2019-09-23,298.93,88647
2019-09-24,299.6,87920
2019-09-25,298.62,87244
2019-09-26,297.21,85145
2019-09-27,298.63,85854
2019-09-28,297.22,82789
2019-09-29,297.57,81942
2019-09-30,302.82,98242
2019-10-01,300.48,97738
2019-10-02,296.79,94253
2019-10-03,295.48,89569
2019-10-04,293.25,81954
2019-10-05,294.48,75187
2019-10-06,295.36,72811
2019-10-07,294.88,74862
2019-10-08,295.68,74869
2019-10-09,296.37,76930
2019-10-10,296.4,79570
2019-10-11,291.7,78930
2019-10-12,286.47,70984
2019-10-13,288.79,65495
2019-10-14,289.75,70827
2019-10-15,292.15,73956
2019-10-16,287.72,75027
2019-10-17,288.26,72413
2019-10-18,291.33,70905
2019-10-19,293.22,68121
2019-10-20,294.24,68435
2019-10-21,291.01,72142
2019-10-22,287.49,72224
2019-10-23,289.42,71833
2019-10-24,286.82,71380
2019-10-25,286.29,72154
2019-10-26,286.26,69504
2019-10-27,288.57,65620
2019-10-28,286.95,71577
2019-10-29,284.24,73666
2019-10-30,282.53,75220
2019-10-31,279.38,77202
2019-11-01,281.12,80321
2019-11-02,281.75,73103
2019-11-03,283.84,69228
2019-11-04,285.17,74395
2019-11-05,282.98,74908
2019-11-06,283.12,76493
2019-11-07,278.5,77340
2019-11-08,276.86,81118
2019-11-09,282.62,79532
2019-11-10,282.75,70636
2019-11-11,277.64,80820
2019-11-12,271.24,87650
2019-11-13,273.51,91805
2019-11-14,276.56,87396
2019-11-15,279.5,83953
2019-11-16,280.04,78609
2019-11-17,280.12,73911
2019-11-18,281.89,79578
2019-11-19,283.08,78084
2019-11-20,284.28,76609
2019-11-21,284.61,76001
2019-11-22,280.25,76819
2019-11-23,280.44,77016
2019-11-24,283.0,73037
2019-11-25,284.96,77199
2019-11-26,284.44,75436
2019-11-27,282.83,76229
2019-11-28,278.76,76249
2019-11-29,280.65,68922
2019-11-30,282.23,70460
2019-12-01,280.09,71658
2019-12-02,276.8,80604
2019-12-03,279.5,83404
2019-12-04,281.39,80249
2019-12-05,282.09,79728
2019-12-06,279.66,77426
2019-12-07,279.88,77800
2019-12-08,281.52,73788
2019-12-09,281.46,77570
2019-12-10,277.23,84142
2019-12-11,272.2,89005
2019-12-12,277.41,87492
2019-12-13,278.64,83455
2019-12-14,276.33,79045
2019-12-15,275.12,77153
2019-12-16,276.36,82930
2019-12-17,273.96,85812
2019-12-18,270.94,91162
2019-12-19,276.55,91432
2019-12-20,277.84,86655
2019-12-21,280.08,80662
2019-12-22,281.62,74550
2019-12-23,282.65,75718
2019-12-24,283.2,74065
2019-12-25,285.08,66288
2019-12-26,285.59,69182
2019-12-27,281.13,71699
2019-12-28,282.41,73369
2019-12-29,284.0,69731
2019-12-30,280.77,75936
2019-12-31,275.58,78830
